,answer,value
0,Non pas du tout,0.0371517027864
1,Non pas vraiment,0.216136316022
2,Oui plutôt,0.516725249657
3,Oui tout à fait,0.229986731535
