,answer,value
0,Non pas du tout,0.0656905421448
1,Non pas vraiment,0.233105984776
2,Oui plutôt,0.365325077399
3,Oui tout à fait,0.33587839568
