,answer,value
0,non,0.103677839851
1,oui,0.896322160149
