,answer,value
0,Non pas complètement,0.40854283054
1,Non pas du tout,0.471205772812
2,Oui complètement,0.022905027933
3,Oui plutôt,0.0973463687151
