,answer,value
0,Le charisme,0.0463454376164
1,Le parti,0.0141061452514
2,Les propositions concrètes,0.898975791434
3,L’expérience,0.0405726256983
