,answer,value
0,Non pas du tout,0.430061221164
1,Non pas vraiment,0.503130892246
2,Oui plutôt,0.056379338439
3,Oui tout à fait,0.0104285481506
