,answer,value
0,Non pas du tout,0.0156661002351
1,Non pas vraiment,0.0636886333481
2,Oui plutôt,0.377313252171
3,Oui tout à fait,0.543332014246
