,answer,value
0,Non pas complètement,0.451838919926
1,Non pas du tout,0.449068901304
2,Oui complètement,0.0118715083799
3,Oui plutôt,0.0872206703911
