,answer,value
0,Non pas du tout,0.0121278428269
1,Non pas vraiment,0.0619427826532
2,Oui plutôt,0.415884913522
3,Oui tout à fait,0.510044460998
