,answer,value
0,Non pas du tout,0.0233012872739
1,Non pas vraiment,0.0896668916874
2,Oui plutôt,0.374287110966
3,Oui tout à fait,0.512744710072
